,feature,gini_value
0,atemp,0.37121938915911684
1,year,0.331103517471422
2,temp,0.19964982857122301
3,hum,0.07474612955255804
4,season,0.023281135245679985
5,mnth,0.0
6,holiday,0.0
7,weekday,0.0
8,workingday,0.0
9,weathersit,0.0
10,windspeed,0.0
11,day_in_month,0.0
