,feature,gini_value
0,temp,0.36259619440480145
1,year,0.28648109777289726
2,season,0.21891687391132203
3,hum,0.07355996944521442
4,atemp,0.05603700521006674
5,day_in_month,0.00240885925569818
6,mnth,0.0
7,holiday,0.0
8,weekday,0.0
9,workingday,0.0
10,weathersit,0.0
11,windspeed,0.0
