,feature,gini_value
0,temp,0.32973916158838773
1,year,0.28648109777289726
2,season,0.21891687391132206
3,atemp,0.08889403802648047
4,hum,0.07355996944521442
5,day_in_month,0.0024088592556981803
6,mnth,0.0
7,holiday,0.0
8,weekday,0.0
9,workingday,0.0
10,weathersit,0.0
11,windspeed,0.0
