,feature,gini_value
0,temp,0.33696105190757714
1,year,0.28648109777289726
2,season,0.20303332008994002
3,atemp,0.081672147707291
4,hum,0.048444948445593286
5,weathersit,0.025115020999621145
6,mnth,0.015883553821382037
7,day_in_month,0.0024088592556981803
8,holiday,0.0
9,weekday,0.0
10,workingday,0.0
11,windspeed,0.0
